<?xml version="1.0" encoding="UTF-8" standalone="yes"?>
<addon id="plugin.video.jenkinskodi" name="Jenkins Kodi" version="0.1.0" provider-name="Jenkins">
  <requires>
    <import addon="xbmc.python" version="2.1.0"/>
  </requires>
  <extension point="xbmc.python.pluginsource" library="default.py">
        <provides>video executable</provides>
  </extension>
  <extension point="xbmc.addon.metadata">
    <summary lang="en">Jenkins Kodi</summary>
    <description lang="en">Cowboys #1</description>
    <platform>all</platform>
  </extension>
</addon>
